badesaison,einstufung,infrastruktur,messungen
DESH_PR_0047,DESH_PR_0047,DESH_PR_0047,DESH_PR_0047
DESH_PR_0056,DESH_PR_0056,DESH_PR_0056,DESH_PR_0056
DESH_PR_0058,DESH_PR_0058,DESH_PR_0058,DESH_PR_0058
DESH_PR_0059,DESH_PR_0059,,DESH_PR_0059
DESH_PR_0061,DESH_PR_0061,DESH_PR_0061,DESH_PR_0061
DESH_PR_0062,DESH_PR_0062,DESH_PR_0062,DESH_PR_0062
DESH_PR_0079,DESH_PR_0079,DESH_PR_0079,DESH_PR_0079
,DESH_PR_0096,DESH_PR_0096,
DESH_PR_0119,DESH_PR_0119,DESH_PR_0119,DESH_PR_0119
DESH_PR_0120,DESH_PR_0120,DESH_PR_0120,
DESH_PR_0202,DESH_PR_0202,DESH_PR_0202,DESH_PR_0202
DESH_PR_0218,DESH_PR_0218,DESH_PR_0218,DESH_PR_0218
DESH_PR_0242,DESH_PR_0242,DESH_PR_0242,DESH_PR_0242
DESH_PR_0282,DESH_PR_0282,DESH_PR_0282,
DESH_PR_0285,DESH_PR_0285,DESH_PR_0285,
DESH_PR_0287,DESH_PR_0287,DESH_PR_0287,DESH_PR_0287
DESH_PR_0318,DESH_PR_0318,DESH_PR_0318,DESH_PR_0318
DESH_PR_0320,DESH_PR_0320,DESH_PR_0320,DESH_PR_0320
DESH_PR_0326,DESH_PR_0326,,
DESH_PR_0327,DESH_PR_0327,,
DESH_PR_0328,DESH_PR_0328,,
DESH_PR_0329,DESH_PR_0329,,
DESH_PR_0338,DESH_PR_0338,DESH_PR_0338,DESH_PR_0338
DESH_PR_0339,DESH_PR_0339,DESH_PR_0339,DESH_PR_0339
DESH_PR_0340,DESH_PR_0340,DESH_PR_0340,DESH_PR_0340
DESH_PR_0341,DESH_PR_0341,DESH_PR_0341,DESH_PR_0341
DESH_PR_0342,DESH_PR_0342,DESH_PR_0342,DESH_PR_0342
